tool	dyn_status	dyn_auth_live	dyn_uid_live	dyn_rbac_live	dyn_evidence	dyn_notes
vllm-production-stack	not_installed	not_tested	not_tested	not_tested	evidence/dynamic/skipped.txt	router image lmcache/lmstack-router:latest has no linux/arm64 manifest; engine needs a model and GPU for real use
kserve	install_failed	not_tested	not_tested	not_tested	evidence/dynamic/kserve-probe.txt	helm install needs cert-manager Issuer and kserve-crd ClusterStorageContainer first (documented prerequisite)
kuberay	probed	"off_confirmed: GET /api/version, GET /nodes?view=summary, GET /api/jobs/ on head Service port 8265 returned 200 with no auth; POST /api/jobs/ {""entrypoint"":""echo sbd-probe-$(id -u)""} 200, GET /api/jobs/<id>/logs printed sbd-probe-1000"	1000 (ray), passwordless sudo to uid 0	operator SA: get secrets, create pods, pods/exec, roles, rolebindings in all namespaces (can-i yes)	evidence/dynamic/ray-probe-full.txt; evidence/dynamic/ray-probe.txt; evidence/dynamic/kuberay-can-i.txt	head ready after 375s; head pod mounts default SA token (default SA has no extra rights); full request log rerun 2026-09-25 on a second local kind cluster, same result
aibrix	not_installed	not_tested	not_tested	not_tested	evidence/dynamic/skipped.txt	README requires Envoy Gateway and KubeRay CRDs plus manual CRD apply before helm install; default images are nightly
ollama-otwld	probed	off_confirmed: GET /api/version, /api/tags, /api/ps 200 with no auth; POST /api/show and DELETE /api/delete for a nonexistent model answered 404 model not found	0 (root)	none	evidence/dynamic/ollama-probe-full.txt; evidence/dynamic/ollama-probe.txt	image 2.79 GB, pull took 9m49s; API answered at about 10m30s; full request log rerun 2026-09-25 on a second local kind cluster, same result
open-webui	probed	on_confirmed: GET /api/models, /api/v1/users/, /api/v1/auths/, /api/v1/auths/admin/config 401; GET /api/config 200 with no auth, body onboarding true and enable_signup true; source auths.py makes first account admin then sets enable_signup False	0 (root)	none	evidence/dynamic/owui-probe-full.txt; evidence/dynamic/owui-probe.txt	main app ready; bundled Ollama and Pipelines still pulling images at 10 min, not tested; full request log rerun 2026-09-25 on a second local kind cluster, same result
localai	not_started	not_tested	not_tested	not_tested	evidence/dynamic/localai-probe.txt	default PVCs ask for ReadWriteMany; kind local-path supports ReadWriteOnce only, pod stayed Pending (environment limit)
litellm	probed	on_confirmed: /v1/models, /key/list, /user/list, /global/spend, /metrics 401; /ui/ and /openapi.json 200	not_recorded	none	evidence/dynamic/litellm-probe.txt; evidence/dynamic/litellm-job.txt	F-13 chart bug confirmed live, published in report
langfuse	install_failed	not_tested	not_tested	not_tested	evidence/dynamic/skipped.txt	helm install refuses without ClickHouse operator CRDs and cert-manager (validations.yaml:107)
n8n	not_started	not_tested	not_tested	not_tested	evidence/dynamic/n8n-probe.txt	pods CreateContainerConfigError: secret n8n-db-password not found; chart expects external Postgres and a pre-created Secret
qdrant	probed	"off_confirmed: /collections, /telemetry, /cluster, /dashboard 200 with no auth; PUT /collections/sbd_probe {""vectors"":{""size"":4,""distance"":""Cosine""}} 200, DELETE /collections/sbd_probe 200"	1000	none	evidence/dynamic/qdrant-probe-full.txt; evidence/dynamic/vector-probe.txt; evidence/dynamic/uid.txt	full request log rerun 2026-09-25 on a second local kind cluster, same result
weaviate	probed	"off_confirmed: /v1/meta, /v1/schema, /v1/nodes 200 with no auth; POST /v1/schema {""class"":""SbdProbe"",""vectorizer"":""none"",""properties"":[]} 200, DELETE /v1/schema/SbdProbe 200; also reachable on node IP NodePort 32523 (first pass)"	0 (root)	none	evidence/dynamic/weaviate-probe-full.txt; evidence/dynamic/vector-probe.txt; evidence/dynamic/uid.txt	helm --wait timed out only because kind gives LoadBalancer no external IP; pod was Ready; full request log rerun 2026-09-25 on a second local kind cluster, same result
milvus	not_started	not_tested	not_tested	not_tested	evidence/dynamic/milvus-probe.txt	distributed default (etcd x3, MinIO x4, Pulsar, 5 Milvus parts) did not fit one 8 GB kind node: Insufficient memory
k8s-mcp-server-containers	probed	off_confirmed: MCP initialize and tools/list with no auth (20 tools incl. pods_exec, resources_delete, pods_run); tool calls failed with Forbidden	not_recorded	none: SA has only default discovery rights; pods list and secrets list forbidden	evidence/dynamic/kmcp-probe.txt; evidence/dynamic/kmcp-can-i.txt	Ingress object created (host mcp.example.invalid); kind has no ingress controller so not tested
mcp-server-kubernetes-flux159	probed	off_confirmed: no token; plain request via Service name gets 403 Invalid Host header (DNS rebinding check), same request with Host: localhost:3001 gets full access; tools/list returned 23 tools; kubectl_get secrets --all-namespaces returned Secret names	not_recorded	get/list/watch secrets, create pods/exec, full write on pods, deployments, jobs, services, networkpolicies in all namespaces; no RBAC write, no node delete	evidence/dynamic/flux159-probe.txt; evidence/dynamic/flux159-can-i.txt	
