tool,chart,chart_version,app_version,checked_on,github_stars_2026_09_24,override_needed_to_render,values_file,render_command,api_auth_default,api_auth_evidence,runs_as_root,runs_as_root_evidence,privileged_or_hostpath,privileged_or_hostpath_evidence,resource_limits,resource_limits_evidence,image_pinned,image_pinned_evidence,automount_sa_token,automount_sa_token_evidence,service_type,service_type_evidence,ingress_on,ingress_on_evidence,network_policy,network_policy_evidence,rbac_scope,rbac_scope_evidence,default_credentials,default_credentials_evidence,telemetry_chart_env,telemetry_chart_env_evidence,telemetry_app_default,telemetry_evidence,kubescape_score,kubescape_high_crit_controls,checkov_failed,kubelinter_findings,trivy_high_crit,trivy_total_fail,vendor_docs_position,classification,dynamic_pass,dynamic_auth_live,dynamic_uid_live,dynamic_rbac_live,dynamic_evidence,dynamic_notes
vllm-production-stack,vllm/vllm-stack (https://vllm-project.github.io/production-stack),0.1.12,router latest,2026-09-24,92548,none,charts/repo-vllm-stack/vllm-stack/values.yaml,helm template rel <chart> --namespace sbd,off,values.yaml:17 servingEngineSpec.vllmApiKey empty; values.yaml:581 routerSpec.vllmApiKey empty; router env VLLM_API_KEY only rendered when set (templates/deployment-router.yaml:71),not_enforced,1/1 containers: Deployment/rel-deployment-router:router-container,no,,all,,floating,lmcache/lmstack-router:latest,yes,1/1: Deployment/rel-deployment-router (sa=rel-router-service-account),ClusterIP,Service/rel-router-service,no,,no,,namespaced,,no,,not_set_in_chart,,off in chart,"no usage-stats env set; vLLM engine not deployed by default (modelSpec enabled:false, values.yaml:29)",79.3,6,14,4,3,16,"values.yaml comment says key is optional ""for securing the vLLM models""",documented_default,not_installed,not_tested,not_tested,not_tested,evidence/dynamic/skipped.txt,router image lmcache/lmstack-router:latest has no linux/arm64 manifest; engine needs a model and GPU for real use
kserve,oci://ghcr.io/kserve/charts/kserve-resources,v0.20.0,v0.20.0,2026-09-24,5992,none,charts/oci-kserve-resources/kserve-resources/values.yaml,helm template rel <chart> --namespace sbd,n/a_control_plane,control plane only; InferenceService auth is a per-service choice (Knative/Istio). Not an inference endpoint on install,no,2 containers enforce non-root,no,,all,,tag,"2 images, version tags, no digests",yes,1/1: Deployment/kserve-controller-manager (sa=kserve-controller-manager),ClusterIP,Service/kserve-controller-manager-metrics-service,no,,no,,cluster+secrets,ClusterRole/kserve-manager-role secrets ['get'],no,,not_set_in_chart,,not_found,no telemetry env in render,80.4,6,8,3,5,15,KServe docs describe auth as a per-InferenceService add-on,documented_default,install_failed,not_tested,not_tested,not_tested,evidence/dynamic/kserve-probe.txt,helm install needs cert-manager Issuer and kserve-crd ClusterStorageContainer first (documented prerequisite)
kuberay,kuberay/kuberay-operator + kuberay/ray-cluster,1.7.1,ray 2.52.0,2026-09-24,43910,none,charts/repo-ray-cluster/ray-cluster/values.yaml,helm template rel <chart> --namespace sbd,off,RayCluster rendered with no token auth env (ray-cluster values.yaml has no auth field); Ray token auth added in 2.52 and is opt-in per Ray security doc,not_enforced,2/3 containers: RayCluster/rel-kuberay:ray-head; RayCluster/rel-kuberay:ray-worker,no,,all,,tag,"2 images, version tags, no digests",yes,3/3: Deployment/kuberay-operator (sa=kuberay-operator); RayCluster/rel-kuberay (sa=default); RayCluster/rel-kuberay (sa=default),ClusterIP,Service/kuberay-operator,no,,no,,cluster+rbac-write+secrets,"ClusterRole/kuberay-operator secrets ['create', 'delete', 'get', 'list', 'update', 'watch']; ClusterRole/kuberay-operator rbac-write ['create', 'delete', 'get', 'list', 'watch']; ClusterRole/kuberay-operator rbac-write ['create', 'delete', 'get', 'list', 'update', 'watch']",no,,not_set_in_chart,,on (non-interactive),"Ray usage-stats doc: ""If the console is non-interactive, usage stats collection will be enabled by default""; chart does not set RAY_USAGE_STATS_ENABLED",79.2,6,6,1,5,13,ray-cluster values.yaml:185 warns dashboard gives code execution; Ray security doc says run in isolated network,documented_default,probed,"off_confirmed: GET /api/version, GET /nodes?view=summary, GET /api/jobs/ on head Service port 8265 returned 200 with no auth; POST /api/jobs/ {""entrypoint"":""echo sbd-probe-$(id -u)""} 200, GET /api/jobs/<id>/logs printed sbd-probe-1000","1000 (ray), passwordless sudo to uid 0","operator SA: get secrets, create pods, pods/exec, roles, rolebindings in all namespaces (can-i yes)",evidence/dynamic/ray-probe-full.txt; evidence/dynamic/ray-probe.txt; evidence/dynamic/kuberay-can-i.txt,"head ready after 375s; head pod mounts default SA token (default SA has no extra rights); full request log rerun 2026-09-25 on a second local kind cluster, same result"
aibrix,"vllm-project/aibrix dist/chart (git tag v0.7.0, c5465890)",0.7.0,0.7.0 (default values use nightly tags; docs add -f stable.yaml),2026-09-24,5107,none,aibrix/dist/chart/values.yaml,helm template rel <chart> --namespace sbd,off,gateway-plugins docs: to require a key pass --api-key or VLLM_API_KEY to the vLLM backend (docs/source/features/gateway-plugins.rst:130); gateway itself has no key by default,not_enforced,4/5 containers: Deployment/rel-aibrix-gateway-plugins:gateway-plugin; Deployment/rel-aibrix-gpu-optimizer:gpu-optimizer; Deployment/rel-aibrix-metadata-service:metadata-service; Deployment/rel-aibrix-redis-master:master,no,,partial,1/5 missing: Deployment/rel-aibrix-redis-master:master,floating,aibrix/controller-manager:nightly; aibrix/gateway-plugins:nightly; aibrix/metadata-service:nightly; busybox:stable,yes,5/5: Deployment/rel-aibrix-controller-manager (sa=rel-aibrix-controller-manager); Deployment/rel-aibrix-gateway-plugins (sa=rel-aibrix-gateway-plugin); Deployment/rel-aibrix-gpu-optimizer (sa=rel-aibrix-gpu-optimizer); Deployment/rel-aibrix-metadata-service (sa=rel-aibrix-metadata-service); Deployment/rel-aibrix-redis-master (sa=default),ClusterIP,Service/rel-aibrix-controller-manager-metrics,yes,HTTPRoute/rel-aibrix-reserved-router; HTTPRoute/rel-aibrix-reserved-router-metadata-endpoint,no,,cluster+pods/exec+rbac-write+secrets,"ClusterRole/rel-aibrix-controller-manager secrets ['get', 'list', 'update', 'watch']; ClusterRole/rel-aibrix-controller-manager pods/exec ['create', 'delete', 'get', 'list', 'patch', 'update', 'watch']; ClusterRole/rel-aibrix-controller-manager rbac-write ['create', 'delete', 'get', 'list', 'watch']; ClusterRole/rel-aibrix-controller-manager rbac-write ['create', 'delete', 'get', 'list', 'update', 'watch']",no,,not_set_in_chart,,not_found,no telemetry env in render,79.4,11,,20,22,104,docs explain how to enable auth,documented_default,not_installed,not_tested,not_tested,not_tested,evidence/dynamic/skipped.txt,README requires Envoy Gateway and KubeRay CRDs plus manual CRD apply before helm install; default images are nightly
ollama-otwld,otwld/ollama (https://helm.otwld.com/),1.83.0,0.34.2,2026-09-24,181534,none,charts/repo-ollama/ollama/values.yaml,helm template rel <chart> --namespace sbd,off,Ollama has no built-in API auth; render sets OLLAMA_HOST=0.0.0.0:11434 (rendered/ollama.yaml:84),not_enforced,1/1 containers: Deployment/rel-ollama:ollama,no,,none,Deployment/rel-ollama:ollama,tag,"1 images, version tags, no digests",yes,1/1: Deployment/rel-ollama (sa=rel-ollama),ClusterIP,Service/rel-ollama,no,,no,,none,,no,,not_set_in_chart,,off,Ollama does not document product telemetry,76.4,7,34,9,6,34,Ollama FAQ describes binding 0.0.0.0 as a user choice; no auth feature exists,documented_default,probed,"off_confirmed: GET /api/version, /api/tags, /api/ps 200 with no auth; POST /api/show and DELETE /api/delete for a nonexistent model answered 404 model not found",0 (root),none,evidence/dynamic/ollama-probe-full.txt; evidence/dynamic/ollama-probe.txt,"image 2.79 GB, pull took 9m49s; API answered at about 10m30s; full request log rerun 2026-09-25 on a second local kind cluster, same result"
open-webui,open-webui/open-webui (https://helm.openwebui.com/),16.6.0,0.11.4,2026-09-24,152943,none,charts/repo-open-webui/open-webui/values.yaml,helm template rel <chart> --namespace sbd,on (first user becomes admin),"Open WebUI requires login by default (WEBUI_AUTH default true, not overridden in render); first account created becomes admin",not_enforced,4/4 containers: Deployment/rel-ollama:ollama; Deployment/rel-pipelines:pipelines; Deployment/rel-open-webui-redis:rel-open-webui-redis; StatefulSet/rel-open-webui:open-webui,no,,none,Deployment/rel-ollama:ollama; Deployment/rel-pipelines:pipelines; Deployment/rel-open-webui-redis:rel-open-webui-redis; StatefulSet/rel-open-webui:open-webui,floating,ghcr.io/open-webui/pipelines:main,yes,2/4: Deployment/rel-ollama (sa=rel-ollama); Deployment/rel-open-webui-redis (sa=default),ClusterIP,Service/rel-ollama,no,,no,,none,,no,,not_set_in_chart,,off,"upstream Dockerfile sets SCARF_NO_ANALYTICS=true, DO_NOT_TRACK=true, ANONYMIZED_TELEMETRY=false (Dockerfile:92-94)",76.6,7,88,25,17,100,documented first-user-admin flow,documented_default,probed,"on_confirmed: GET /api/models, /api/v1/users/, /api/v1/auths/, /api/v1/auths/admin/config 401; GET /api/config 200 with no auth, body onboarding true and enable_signup true; source auths.py makes first account admin then sets enable_signup False",0 (root),none,evidence/dynamic/owui-probe-full.txt; evidence/dynamic/owui-probe.txt,"main app ready; bundled Ollama and Pipelines still pulling images at 10 min, not tested; full request log rerun 2026-09-25 on a second local kind cluster, same result"
localai,go-skynet/local-ai (https://go-skynet.github.io/helm-charts/),3.4.2,image latest,2026-09-24,49243,none,charts/repo-local-ai/local-ai/values.yaml,helm template rel <chart> --namespace sbd,off,LocalAI API key is opt-in (API_KEY env); chart sets none (rendered/localai.yaml),not_enforced,1/1 containers: Deployment/rel-local-ai:rel-local-ai,no,,none,Deployment/rel-local-ai:rel-local-ai,floating,quay.io/go-skynet/local-ai:latest,yes,1/1: Deployment/rel-local-ai (sa=default),ClusterIP,Service/rel-local-ai,no,,no,,none,,no,,not_set_in_chart,,not_found,no telemetry env,73.7,7,18,5,3,18,LocalAI docs document API_KEY as optional,documented_default,not_started,not_tested,not_tested,not_tested,evidence/dynamic/localai-probe.txt,"default PVCs ask for ReadWriteMany; kind local-path supports ReadWriteOnce only, pod stayed Pending (environment limit)"
litellm,oci://ghcr.io/berriai/litellm-helm,1.102.1,1.102.1,2026-09-24,59503,none,charts/oci-litellm-helm/litellm-helm/values.yaml,helm template rel <chart> --namespace sbd,on,proxy requires a master key; chart generates random sk- key per install (templates/secret-masterkey.yaml:4),not_enforced,2/3 containers: Deployment/rel-litellm:litellm; Job/rel-litellm-migrations:prisma-migrations,no,,none,Deployment/rel-litellm:litellm; StatefulSet/rel-postgresql:postgresql; Job/rel-litellm-migrations:prisma-migrations,tag,"2 images, version tags, no digests",yes,2/3: Deployment/rel-litellm (sa=default); Job/rel-litellm-migrations (sa=default),ClusterIP,Service/rel-postgresql-hl,no,,yes,NetworkPolicy/rel-postgresql,none,,yes,Secret/rel-postgresql password=NoTaGrEaTpAsSwOrD; Secret/rel-litellm-dbcredentials postgres-password=NoTaGrEaTpAsSwOrD; Secret/rel-litellm-dbcredentials password=NoTaGrEaTpAsSwOrD; Job/rel-litellm-migrations:prisma-migrations env DATABASE_URL literal password NoTaGrEaTpAsSwOrD,not_set_in_chart,,not_found,billingMetrics.enabled false (values.yaml:149); no product telemetry env set,77.3,7,82,21,13,81,README says do not use default postgres password (README.md:132),documented_default + chart_bug (F-13),probed,"on_confirmed: /v1/models, /key/list, /user/list, /global/spend, /metrics 401; /ui/ and /openapi.json 200",not_recorded,none,evidence/dynamic/litellm-probe.txt; evidence/dynamic/litellm-job.txt,"F-13 chart bug confirmed live, published in report"
langfuse,langfuse/langfuse (https://langfuse.github.io/langfuse-k8s),2.1.2,4.38.0,2026-09-24,34980,"clickhouse.crdCheck=false (offline render only, documented in chart error)",charts/repo-langfuse/langfuse/values.yaml,helm template rel <chart> --namespace sbd --set <see override column>,on (sign-up open),UI requires login but AUTH_DISABLE_SIGNUP=false (rendered/langfuse.yaml:926) so anyone who reaches it can register,not_enforced,4/6 containers: Deployment/rel-s3-all-in-one:seaweedfs; Deployment/rel-langfuse-web:langfuse-web; Deployment/rel-langfuse-worker:langfuse-worker; Job/rel-bucket-hook:post-install-job,no,,partial,5/6 missing: Deployment/rel-redis:rel-redis; Deployment/rel-langfuse-web:langfuse-web; Deployment/rel-langfuse-worker:langfuse-worker; StatefulSet/rel-postgresql:postgresql; Job/rel-bucket-hook:post-install-job,tag,"5 images, version tags, no digests",yes,5/6: Deployment/rel-s3-all-in-one (sa=default); Deployment/rel-langfuse-web (sa=rel-langfuse); Deployment/rel-langfuse-worker (sa=rel-langfuse); StatefulSet/rel-postgresql (sa=default); Job/rel-bucket-hook (sa=default),ClusterIP,Service/rel-postgresql,no,,no,,cluster,,no,,on,Deployment/rel-langfuse-web TELEMETRY_ENABLED=true; Deployment/rel-langfuse-worker TELEMETRY_ENABLED=true,on,TELEMETRY_ENABLED=true set by chart (rendered/langfuse.yaml:924),75.7,10,106,29,17,122,Langfuse docs document telemetry and how to disable it,documented_default,install_failed,not_tested,not_tested,not_tested,evidence/dynamic/skipped.txt,helm install refuses without ClickHouse operator CRDs and cert-manager (validations.yaml:107)
n8n,n8n-io/n8n-hosting charts/n8n (git 359e1772),1.13.0,2.40.5,2026-09-24,205806,secretRefs.env.N8N_ENCRYPTION_KEY (chart refuses the placeholder: a secure default),n8nh/charts/n8n/values.yaml,helm template rel <chart> --namespace sbd --set <see override column>,on (owner setup),n8n requires owner account setup on first visit; chart refuses to render until N8N_ENCRYPTION_KEY is changed (deployment-main.yaml:1),no,2 containers enforce non-root,no,,all,,tag,"1 images, version tags, no digests",yes,2/2: Deployment/rel-n8n-main (sa=n8n); Deployment/rel-n8n-worker (sa=n8n),ClusterIP,Service/rel-n8n-main,no,,no,,namespaced+secrets,Role/rel-n8n secrets ['get'],no,,not_set_in_chart,,on,n8n diagnostics.config.ts: enabled default true; chart does not set N8N_DIAGNOSTICS_ENABLED,78.4,9,34,9,5,27,n8n docs document diagnostics and opt-out,documented_default,not_started,not_tested,not_tested,not_tested,evidence/dynamic/n8n-probe.txt,pods CreateContainerConfigError: secret n8n-db-password not found; chart expects external Postgres and a pre-created Secret
qdrant,qdrant/qdrant (https://qdrant.github.io/qdrant-helm),1.19.1,v1.19.1,2026-09-24,34771,none,charts/repo-qdrant/qdrant/values.yaml,helm template rel <chart> --namespace sbd,off,"values.yaml:258-264 apiKey commented out, false by default; no api key env in render",no,1 containers enforce non-root,no,,none,StatefulSet/rel-qdrant:qdrant,tag,"1 images, version tags, no digests",yes,1/1: StatefulSet/rel-qdrant (sa=rel-qdrant),ClusterIP,Service/rel-qdrant-headless,no,,no,,none,,no,,not_set_in_chart,,on,upstream config/config.yaml:450 telemetry_disabled: false,80.4,6,38,9,5,44,Qdrant security docs say no auth by default and recommend api-key,documented_default,probed,"off_confirmed: /collections, /telemetry, /cluster, /dashboard 200 with no auth; PUT /collections/sbd_probe {""vectors"":{""size"":4,""distance"":""Cosine""}} 200, DELETE /collections/sbd_probe 200",1000,none,evidence/dynamic/qdrant-probe-full.txt; evidence/dynamic/vector-probe.txt; evidence/dynamic/uid.txt,"full request log rerun 2026-09-25 on a second local kind cluster, same result"
weaviate,weaviate/weaviate (https://weaviate.github.io/weaviate-helm),17.8.3,1.38.2,2026-09-24,16841,none,charts/repo-weaviate/weaviate/values.yaml,helm template rel <chart> --namespace sbd,off (anonymous access),rendered/weaviate.yaml conf.yaml authentication.anonymous_access.enabled: true (values.yaml:252),not_enforced,1/1 containers: StatefulSet/weaviate:weaviate,yes,StatefulSet/weaviate:configure-sysctl privileged,none,StatefulSet/weaviate:weaviate,floating,docker.io/alpine:latest,yes,1/1: StatefulSet/weaviate (sa=default),LoadBalancer,Service/weaviate; Service/weaviate-grpc,no,,no,,none,,no,,not_set_in_chart,,on,upstream usecases/telemetry/telemetry.go: pushes every 24h unless DISABLE_TELEMETRY set,76.6,8,24,11,5,36,"values.yaml:128-130 comment says ""If you don't want a public load balancer... choose ClusterIP""",documented_default,probed,"off_confirmed: /v1/meta, /v1/schema, /v1/nodes 200 with no auth; POST /v1/schema {""class"":""SbdProbe"",""vectorizer"":""none"",""properties"":[]} 200, DELETE /v1/schema/SbdProbe 200; also reachable on node IP NodePort 32523 (first pass)",0 (root),none,evidence/dynamic/weaviate-probe-full.txt; evidence/dynamic/vector-probe.txt; evidence/dynamic/uid.txt,"helm --wait timed out only because kind gives LoadBalancer no external IP; pod was Ready; full request log rerun 2026-09-25 on a second local kind cluster, same result"
milvus,milvus/milvus (https://zilliztech.github.io/milvus-helm/),5.0.28,3.0.1,2026-09-24,46242,none,charts/repo-milvus/milvus/values.yaml,helm template rel <chart> --namespace sbd,off,upstream configs/milvus.yaml:1287 authorizationEnabled: false; chart does not override,not_enforced,12/14 containers: Deployment/rel-milvus-datanode:datanode; Deployment/rel-milvus-mixcoord:mixcoord; Deployment/rel-milvus-proxy:proxy; Deployment/rel-milvus-querynode:querynode; Deployment/rel-milvus-streamingnode:streamingnode; StatefulSet/rel-pulsarv3-recovery:rel-pulsarv3-recovery; StatefulSet/rel-pulsarv3-bookie:rel-pulsarv3-bookie; StatefulSet/rel-pulsarv3-broker:rel-pulsarv3-broker; StatefulSet/rel-pulsarv3-proxy:rel-pulsarv3-proxy; StatefulSet/rel-pulsarv3-zookeeper:rel-pulsarv3-zookeeper; Job/rel-pulsarv3-bookie-init:rel-pulsarv3-bookie-init; Job/rel-pulsarv3-pulsar-init:rel-pulsarv3-p,no,,none,Deployment/rel-milvus-datanode:datanode; Deployment/rel-milvus-mixcoord:mixcoord; Deployment/rel-milvus-proxy:proxy; Deployment/rel-milvus-querynode:querynode; Deployment/rel-milvus-streamingnode:streamingnode; StatefulSet/rel-etcd:etcd; StatefulSet/rel-minio:minio; StatefulSet/rel-pulsarv3-recovery:rel-pulsarv3-recovery; StatefulSet/rel-pulsarv3-bookie:rel-pulsarv3-bookie; StatefulSet/rel-pulsarv3-broker:rel-pulsarv3-broker; StatefulSet/rel-pulsarv3-proxy:rel-pulsarv3-proxy; StatefulSet/rel-pulsarv3-zookeeper:rel-pulsarv3-zookeeper; Job/rel-pulsarv3-bookie-init:rel-pulsarv3-bookie-init; Job/r,tag,"4 images, version tags, no digests",yes,14/14: Deployment/rel-milvus-datanode (sa=default); Deployment/rel-milvus-mixcoord (sa=default); Deployment/rel-milvus-proxy (sa=default); Deployment/rel-milvus-querynode (sa=default); Deployment/rel-milvus-streamingnode (sa=default); StatefulSet/rel-etcd (sa=default); StatefulSet/rel-minio (sa=rel-minio); StatefulSet/rel-pulsarv3-recovery (sa=rel-pulsarv3-recovery); StatefulSet/rel-pulsarv3-bookie (sa=rel-pulsarv3-bookie); StatefulSet/rel-pulsarv3-broker (sa=rel-pulsarv3-broker-acct); StatefulSet/rel-pulsarv3-proxy (sa=rel-pulsarv3-proxy); StatefulSet/rel-pulsarv3-zookeeper (sa=rel-pulsarv3-z,ClusterIP,Service/rel-etcd-headless,no,,no,,namespaced+secrets,"Role/rel-pulsarv3-broker-role secrets ['create', 'delete', 'get', 'list', 'patch', 'update', 'watch']",yes,Secret/rel-minio accesskey=minioadmin; Secret/rel-minio secretkey=minioadmin; ConfigMap/rel-milvus default.yaml contains minioadmin,not_set_in_chart,,not_found,no telemetry env in render,73.8,11,217,84,55,356,Milvus docs document authentication as opt-in,documented_default,not_started,not_tested,not_tested,not_tested,evidence/dynamic/milvus-probe.txt,"distributed default (etcd x3, MinIO x4, Pulsar, 5 Milvus parts) did not fit one 8 GB kind node: Insufficient memory"
k8s-mcp-server-containers,oci://ghcr.io/containers/charts/kubernetes-mcp-server,0.1.0,0.0.67 (image :latest),2026-09-24,2116,ingress.host=mcp.example.invalid (chart requires a host because Ingress is on by default),charts/oci-kubernetes-mcp-server/kubernetes-mcp-server/values.yaml,helm template rel <chart> --namespace sbd --set <see override column>,off,chart has no auth setting by default; OAuth (require_oauth) is opt-in per docs/configuration-changes.md:41; Ingress ON by default (values.yaml:134),no,1 containers enforce non-root,no,,all,,floating,quay.io/containers/kubernetes_mcp_server:latest,yes,1/1: Deployment/rel-kubernetes-mcp-server (sa=rel-kubernetes-mcp-server),ClusterIP,Service/rel-kubernetes-mcp-server,yes,Ingress/rel-kubernetes-mcp-server,no,,none,,no,,not_set_in_chart,,off,no telemetry block in default config.toml,85.4,3,6,1,0,4,chart README.md:18 says Ingress is part of the default install,documented_default (see FINDINGS: needs vendor question),probed,"off_confirmed: MCP initialize and tools/list with no auth (20 tools incl. pods_exec, resources_delete, pods_run); tool calls failed with Forbidden",not_recorded,none: SA has only default discovery rights; pods list and secrets list forbidden,evidence/dynamic/kmcp-probe.txt; evidence/dynamic/kmcp-can-i.txt,Ingress object created (host mcp.example.invalid); kind has no ingress controller so not tested
mcp-server-kubernetes-flux159,"Flux159/mcp-server-kubernetes helm-chart (git tag v4.1.7, 26a165cf)",2.8.0,2.8.0 (image :latest),2026-09-24,1594,none,flux159/helm-chart/values.yaml,helm template rel <chart> --namespace sbd,off,values.yaml:212 security.mcpAuthToken empty; env ENABLE_UNSAFE_STREAMABLE_HTTP_TRANSPORT=true HOST=0.0.0.0 (rendered/flux159-mcp.yaml),no,1 containers enforce non-root,no,,all,,floating,flux159/mcp-server-kubernetes:latest,yes,1/1: Deployment/rel-mcp-server-kubernetes (sa=rel-mcp-server-kubernetes),ClusterIP,Service/rel-mcp-server-kubernetes,no,,no,,cluster+pods/exec+secrets,"ClusterRole/rel-mcp-server-kubernetes secrets ['get', 'list', 'watch']; ClusterRole/rel-mcp-server-kubernetes pods/exec ['create', 'get']",no,,not_set_in_chart,,off,OpenTelemetry block commented out,72.1,8,45,9,7,45,values.yaml:203-211 and NOTES.txt:77 warn the endpoint is unauthenticated,documented_default,probed,"off_confirmed: no token; plain request via Service name gets 403 Invalid Host header (DNS rebinding check), same request with Host: localhost:3001 gets full access; tools/list returned 23 tools; kubectl_get secrets --all-namespaces returned Secret names",not_recorded,"get/list/watch secrets, create pods/exec, full write on pods, deployments, jobs, services, networkpolicies in all namespaces; no RBAC write, no node delete",evidence/dynamic/flux159-probe.txt; evidence/dynamic/flux159-can-i.txt,
